{"Mean":{"confidence_interval":{"confidence_level":0.95,"lower_bound":0.3901717651579118,"upper_bound":0.40215408091017674},"point_estimate":0.39581961974555213,"standard_error":0.0030554596690488575},"Median":{"confidence_interval":{"confidence_level":0.95,"lower_bound":0.3842668882236388,"upper_bound":0.3917546635623418},"point_estimate":0.3873120696255722,"standard_error":0.0019979024514636323},"MedianAbsDev":{"confidence_interval":{"confidence_level":0.95,"lower_bound":0.013168731546856884,"upper_bound":0.024925209865002025},"point_estimate":0.01943547553032656,"standard_error":0.003088193796899144},"Slope":{"confidence_interval":{"confidence_level":0.95,"lower_bound":0.38587605215530846,"upper_bound":0.39649266477129835},"point_estimate":0.3908343263100866,"standard_error":0.0027088149693186617},"StdDev":{"confidence_interval":{"confidence_level":0.95,"lower_bound":0.02163682987572762,"upper_bound":0.039692096692014504},"point_estimate":0.030637681796775285,"standard_error":0.004685748991964573}}