{"Mean":{"confidence_interval":{"confidence_level":0.95,"lower_bound":37.68987890920923,"upper_bound":38.62024699642762},"point_estimate":38.14057055500373,"standard_error":0.2371753121079638},"Median":{"confidence_interval":{"confidence_level":0.95,"lower_bound":37.29268393972005,"upper_bound":38.3697457902894},"point_estimate":37.726414554345126,"standard_error":0.2501848495789204},"MedianAbsDev":{"confidence_interval":{"confidence_level":0.95,"lower_bound":1.4656606799731418,"upper_bound":2.2624078690860263},"point_estimate":1.7893644265744633,"standard_error":0.20171667794657724},"Slope":{"confidence_interval":{"confidence_level":0.95,"lower_bound":38.093278155680714,"upper_bound":38.88291150472144},"point_estimate":38.48494807766488,"standard_error":0.2016024644918042},"StdDev":{"confidence_interval":{"confidence_level":0.95,"lower_bound":1.7688079689057778,"upper_bound":2.944769998392441},"point_estimate":2.376484829538071,"standard_error":0.30306110544316683}}