{"Mean":{"confidence_interval":{"confidence_level":0.95,"lower_bound":64610.563482235746,"upper_bound":68181.32937303232},"point_estimate":66337.8616020599,"standard_error":913.3680701200306},"Median":{"confidence_interval":{"confidence_level":0.95,"lower_bound":65079.44175374558,"upper_bound":67767.37826877586},"point_estimate":66119.223720966,"standard_error":666.5673276683387}}