{"Mean":{"confidence_interval":{"confidence_level":0.95,"lower_bound":25714.482545722156,"upper_bound":26906.507374293433},"point_estimate":26258.222973680156,"standard_error":305.3605952012499},"Median":{"confidence_interval":{"confidence_level":0.95,"lower_bound":25260.285714285714,"upper_bound":26182.916944166944},"point_estimate":25609.16069347319,"standard_error":219.61685776725366},"MedianAbsDev":{"confidence_interval":{"confidence_level":0.95,"lower_bound":1118.7420986838708,"upper_bound":1929.793006677552},"point_estimate":1562.0259306395376,"standard_error":210.9654428312751},"Slope":{"confidence_interval":{"confidence_level":0.95,"lower_bound":25646.13371770724,"upper_bound":26247.65410456753},"point_estimate":25941.103924247764,"standard_error":153.3107361799748},"StdDev":{"confidence_interval":{"confidence_level":0.95,"lower_bound":1756.7969858765,"upper_bound":4388.987261131562},"point_estimate":3068.9773141930673,"standard_error":721.790662895869}}