{"Mean":{"confidence_interval":{"confidence_level":0.95,"lower_bound":-0.010626512150570432,"upper_bound":0.020564772212954642},"point_estimate":0.0046023857497452525,"standard_error":0.00799833050274784},"Median":{"confidence_interval":{"confidence_level":0.95,"lower_bound":-0.01584697838471416,"upper_bound":0.019753313669530415},"point_estimate":-0.0012687370010576737,"standard_error":0.009030476165284955}}