{"Mean":{"confidence_interval":{"confidence_level":0.95,"lower_bound":37.59462795236907,"upper_bound":38.344026340409734},"point_estimate":37.965837127232206,"standard_error":0.19150113415028278},"Median":{"confidence_interval":{"confidence_level":0.95,"lower_bound":37.3384304654632,"upper_bound":38.12275802729868},"point_estimate":37.774340257520386,"standard_error":0.22297878133954305},"MedianAbsDev":{"confidence_interval":{"confidence_level":0.95,"lower_bound":1.3017226496233354,"upper_bound":2.22558538564391},"point_estimate":1.7772216286775988,"standard_error":0.22818199519978224},"Slope":{"confidence_interval":{"confidence_level":0.95,"lower_bound":37.81942192069934,"upper_bound":38.45959237482401},"point_estimate":38.13723482369409,"standard_error":0.16309309721717064},"StdDev":{"confidence_interval":{"confidence_level":0.95,"lower_bound":1.6320430156696693,"upper_bound":2.184015623007414},"point_estimate":1.91992218201218,"standard_error":0.14102893405793704}}